{"model_file": "skin_phantom_model.npz", "nT": 1730, "t0": 300, "fs": 40000000.0, "c0": 1500, "geometry": [[0.04, 0.0], [0.04, -9.797174393178826e-18], [0.04, -1.959434878635765e-17], [0.04, -2.9391523179536474e-17], [0.04, -3.91886975727153e-17], [0.04, -4.898587196589413e-17], [0.04, -5.878304635907295e-17], [0.04, -6.858022075225178e-17], [0.04, -7.83773951454306e-17], [0.04, -8.817456953860943e-17], [0.04, -9.797174393178826e-17], [0.04, -3.919860126290071e-16], [0.04, -1.175660927181459e-16], [0.04, 1.5685382719271533e-16], [0.04, -1.3716044150450355e-16], [0.04, -4.3117471020172244e-16], [0.04, -1.567547902908612e-16], [0.04, 1.1766512962000004e-16], [0.04, -1.7634913907721887e-16], [0.04, -4.703634077744378e-16], [0.04, -1.9594348786357652e-16], [0.04, 7.847643204728474e-17], [0.04, -7.839720252580142e-16], [0.04, -5.095521053471531e-16], [0.04, -2.351321854362918e-16], [0.04, 3.928773447456944e-17], [0.04, 3.1370765438543067e-16], [0.04, -5.487408029198684e-16], [0.04, -2.743208830090071e-16], [0.04, 9.903690185413724e-20], [0.04, -8.623494204034449e-16], [0.04, -5.879295004925836e-16], [0.04, -3.135095805817224e-16], [0.04, -3.9089660670861165e-17], [0.04, 2.353302592400001e-16], [0.04, -6.27118198065299e-16], [0.04, -3.5269827815443773e-16], [0.04, -7.827835824357647e-17], [0.04, -9.407268155488756e-16], [0.04, -6.663068956380143e-16], [0.04, -3.9188697572715305e-16], [0.04, -1.254335433032452e-15], [0.04, 1.5695286409456948e-16], [0.04, -7.054955932107296e-16], [0.04, -1.5679440505160285e-15], [0.04, -1.5665575338900706e-16], [0.04, -1.0191042106943062e-15], [0.04, 3.921840864327154e-16], [0.04, -4.702643708725836e-16], [0.04, -1.3327128281778828e-15], [0.04, 7.857546894913888e-17], [0.04, -7.838729883561601e-16], [0.04, 6.274153087708613e-16], [0.04, -2.3503314853443766e-16], [0.04, -1.0974816058397369e-15], [0.04, 3.1380669128728484e-16], [0.04, -5.486417660180142e-16], [0.04, -1.4110902233233132e-15], [0.04, 1.9807380370827447e-19], [0.04, -8.622503835015907e-16], [0.04, -1.7246988408068897e-15], [0.04, -3.134105436798683e-16], [0.04, -1.1758590009851673e-15], [0.04, 2.354292961418542e-16], [0.04, -6.270191611634448e-16], [0.04, -1.4894676184687438e-15], [0.04, -7.817932134172233e-17], [0.04, -9.406277786470214e-16], [0.04, 4.706605184800002e-16], [0.04, -3.917879388252989e-16], [0.04, -1.254236396130598e-15], [0.04, 1.570519009964236e-16], [0.04, -7.053965563088755e-16], [0.04, -1.5678450136141745e-15], [0.04, -1.5655671648715294e-16], [0.04, -1.019005173792452e-15], [0.04, -1.8814536310977512e-15], [0.04, -4.7016533397072955e-16], [0.04, -1.3326137912760285e-15], [0.04, 7.867450585099301e-17], [0.04, -7.837739514543061e-16], [0.04, -1.646222408759605e-15], [0.04, -2.508670866064904e-15], [0.04, 1.1763541854944382e-15], [0.04, 3.1390572818913896e-16], [0.04, -5.485427291161601e-16], [0.04, -1.4109911864214592e-15], [0.04, -2.273439643726758e-15], [0.04, -3.135888101032057e-15], [0.04, 5.491369505272849e-16], [0.04, -3.133115067780141e-16], [0.04, -1.1757599640833133e-15], [0.04, -2.0382084213886125e-15], [0.04, -2.9006568786939113e-15], [0.04, 7.843681728654308e-16], [0.04, -7.80802844398682e-17], [0.04, -9.405287417451672e-16], [0.04, -1.8029771990504663e-15], [0.04, -2.6654256563557655e-15], [0.04, 1.0195993952035768e-15], [0.04, 1.5715093789827776e-16], [0.04, -7.052975194070213e-16], [0.04, -1.5677459767123202e-15], [0.04, -2.4301944340176194e-15], [0.04, 1.2548306175417227e-15], [0.04, 3.9238216023642367e-16], [0.04, -4.700662970688753e-16], [0.04, -1.3325147543741745e-15], [0.04, -2.1949632116794737e-15], [0.04, -3.0574116689847725e-15], [0.04, 6.276133825745697e-16], [0.04, -2.348350747307294e-16], [0.04, -1.0972835320360284e-15], [0.04, -1.9597319893413276e-15], [0.04, -2.8221804466466264e-15], [0.04, 8.628446049127157e-16], [0.04, 3.9614760741654894e-19], [0.04, -8.620523096978826e-16], [0.04, -1.7245007670031815e-15], [0.04, -2.5869492243084807e-15], [0.04, -3.4493976816137795e-15], [0.04, 2.356273699455625e-16], [0.04, -6.268210873597366e-16], [0.04, -1.4892695446650358e-15], [0.04, -2.3517180019703346e-15], [0.04, -3.2141664592756338e-15], [0.04, 4.708585922837084e-16], [0.04, -3.9158986502159057e-16], [0.04, -1.2540383223268897e-15], [0.04, -2.116486779632189e-15], [0.04, -2.9789352369374877e-15], [0.04, 7.060898146218544e-16], [0.04, -1.5635864268344466e-16], [0.04, -1.0188070999887438e-15], [0.04, -1.8812555572940428e-15], [0.04, -2.743704014599342e-15], [0.04, 9.413210369600003e-16], [0.04, 7.887257965470129e-17], [0.04, -7.835758776505978e-16], [0.04, -1.6460243349558966e-15], [0.04, -2.508472792261196e-15], [0.04, -3.370921249566495e-15], [0.04, 3.141038019928472e-16], [0.04, -5.483446553124518e-16], [0.04, -1.410793112617751e-15], [0.04, -2.27324156992305e-15], [0.04, -3.135690027228349e-15], [0.04, 5.493350243309932e-16], [0.04, -3.1311343297430587e-16], [0.04, -1.175561890279605e-15], [0.04, -2.038010347584904e-15], [0.04, -2.9004588048902032e-15], [0.04, -3.7629072621955024e-15], [0.04, -7.788221063615992e-17], [0.04, -9.403306679414591e-16], [0.04, -1.802779125246758e-15], [0.04, -2.665227582552057e-15], [0.04, -3.527676039857356e-15], [0.04, 1.5734901170198603e-16], [0.04, -7.05099445603313e-16], [0.04, -1.5675479029086122e-15], [0.04, -2.429996360213911e-15], [0.04, -3.29244481751921e-15], [0.04, -4.154893274824509e-15], [0.04, -5.017341732129808e-15], [0.04, -5.879790189435107e-15], [0.04, 2.3527083709888764e-15], [0.04, 1.490259913683577e-15], [0.04, 6.278114563782779e-16], [0.04, -2.346370009270211e-16], [0.04, -1.0970854582323202e-15], [0.04, -1.959533915537619e-15], [0.04, -2.8219823728429183e-15], [0.04, -3.684430830148218e-15], [0.04, -4.546879287453516e-15], [0.04, -5.4093277447588155e-15], [0.04, -6.271776202064114e-15], [0.04, 1.9607223583598686e-15], [0.04, 1.0982739010545699e-15], [0.04, 2.3582544374927076e-16], [0.04, -6.266230135560282e-16], [0.04, -1.4890714708613273e-15], [0.04, -2.3515199281666265e-15], [0.04, -3.2139683854719257e-15], [0.04, -4.076416842777225e-15], [0.04, -4.938865300082523e-15], [0.04, -5.8013137573878225e-15], [0.04, 2.431184803036161e-15], [0.04, 1.5687363457308617e-15], [0.04, 7.062878884255627e-16], [0.04, -1.561605688797364e-16], [0.04, -1.0186090261850355e-15], [0.04, -1.8810574834903343e-15], [0.04, -2.7435059407956335e-15], [0.04, -3.605954398100933e-15], [0.04, -4.468402855406232e-15], [0.04, -5.330851312711531e-15], [0.04, -6.19329977001683e-15], [0.04, 2.0391987904071535e-15], [0.04, 1.1767503331018545e-15], [0.04, 3.143018757965555e-16], [0.04, -5.481465815087436e-16], [0.04, -1.4105950388140427e-15], [0.04, -2.2730434961193417e-15], [0.04, -3.1354919534246405e-15], [0.04, -3.9979404107299405e-15], [0.04, -4.860388868035239e-15], [0.04, -5.722837325340538e-15], [0.04, 2.5096612350834453e-15], [0.04, 1.6472127777781465e-15], [0.04, 7.847643204728473e-16], [0.04, -7.768413683245164e-17], [0.04, -9.401325941377507e-16], [0.04, -1.80258105144305e-15], [0.04, -2.665029508748349e-15], [0.04, -3.527477966053648e-15], [0.04, -4.3899264233589474e-15], [0.04, -5.252374880664246e-15], [0.04, -6.114823337969545e-15], [0.04, 2.1176752224544384e-15], [0.04, 1.2552267651491394e-15], [0.04, 3.927783078438402e-16], [0.04, -4.696701494614588e-16], [0.04, -1.3321186067667578e-15], [0.04, -2.194567064072057e-15], [0.04, -3.057015521377356e-15], [0.04, -3.919463978682655e-15], [0.04, -4.7819124359879544e-15], [0.04, -5.644360893293253e-15], [0.04, -6.506809350598552e-15], [0.04, 1.7256892098254314e-15], [0.04, 8.632407525201322e-16], [0.04, 7.922952148330979e-19], [0.04, -8.61656162090466e-16], [0.04, -1.7241046193957652e-15], [0.04, -2.5865530767010638e-15], [0.04, -3.449001534006363e-15], [0.04, -4.311449991311662e-15], [0.04, -5.173898448616961e-15], [0.04, -6.03634690592226e-15], [0.04, -6.898795363227559e-15], [0.04, 1.333703197196424e-15], [0.04, 4.71254739891125e-16], [0.04, -3.9119371741417403e-16], [0.04, -1.2536421747194732e-15], [0.04, -2.116090632024772e-15], [0.04, 